{
    "$schema": "https://schema.management.azure.com/schemas/2015-01-01/deploymentParameters.json#",
    "contentVersion": "1.0.0.0",
    "parameters": {
        "administratorLogin": {
            "value": "serverlogin"
        },
        "administratorLoginPassword": {
            "value": null
        },
        "collation": {
            "value": "SQL_Latin1_General_CP1_CI_AS"
        },
        "databaseName": {
            "value": "workshop12"
        },
        "tier": {
            "value": "Basic"
        },
        "skuName": {
            "value": "Basic"
        },
        "location": {
            "value": "uksouth"
        },
        "maxSizeBytes": {
            "value": 1073741824
        },
        "sampleName": {
            "value": ""
        },
        "serverName": {
            "value": "servernamexx"
        },
        "licenseType": {
            "value": ""
        },
        "readScaleOut": {
            "value": "Disabled"
        },
        "zoneRedundant": {
            "value": false
        },
        "numberOfReplicas": {
            "value": 0
        },
        "enableADS": {
            "value": false
        },
        "allowAzureIps": {
            "value": false
        },
        "allowClientIp": {
            "value": false
        },
        "clientIpValue": {
            "value": "82.11.204.24"
        },
        "databaseTags": {
            "value": {}
        },
        "serverTags": {
            "value": {}
        },
        "enableVA": {
            "value": false
        },
        "enableSqlLedger": {
            "value": false
        },
        "enableDigestStorage": {
            "value": "Disabled"
        },
        "digestStorageOption": {
            "value": ""
        },
        "digestStorageName": {
            "value": ""
        },
        "blobStorageContainerName": {
            "value": ""
        },
        "retentionDays": {
            "value": ""
        },
        "retentionPolicy": {
            "value": false
        },
        "digestAccountResourceGroup": {
            "value": ""
        },
        "isNewDigestLocation": {
            "value": false
        },
        "digestRegion": {
            "value": "uksouth"
        },
        "sqlLedgerTemplateLink": {
            "value": "https://sqlazureextension.hosting.portal.azure.net/sqlazureextension/Content/2.1.01629160/DeploymentTemplates/SqlLedger.json"
        },
        "useVAManagedIdentity": {
            "value": false
        },
        "enablePrivateEndpoint": {
            "value": false
        },
        "privateEndpointNestedTemplateId": {
            "value": "pe-0d6c885a-054a-4db4-8a85-2bc44da6e013"
        },
        "privateEndpointSubscriptionId": {
            "value": ""
        },
        "privateEndpointResourceGroup": {
            "value": ""
        },
        "privateEndpointName": {
            "value": ""
        },
        "privateEndpointLocation": {
            "value": ""
        },
        "privateEndpointSubnetId": {
            "value": ""
        },
        "privateLinkServiceName": {
            "value": ""
        },
        "privateLinkServiceServiceId": {
            "value": ""
        },
        "privateEndpointVnetSubscriptionId": {
            "value": ""
        },
        "privateEndpointVnetResourceGroup": {
            "value": ""
        },
        "privateEndpointVnetName": {
            "value": ""
        },
        "privateEndpointSubnetName": {
            "value": ""
        },
        "enablePrivateDnsZone": {
            "value": true
        },
        "privateLinkPrivateDnsZoneFQDN": {
            "value": "privatelink.database.windows.net"
        },
        "privateEndpointDnsRecordUniqueId": {
            "value": "0d6c885a-054a-4db4-8a85-2bc44da6e016"
        },
        "privateEndpointTemplateLink": {
            "value": "https://sqlazureextension.hosting.portal.azure.net/sqlazureextension/Content/2.1.01629160/DeploymentTemplates/PrivateEndpoint.json"
        },
        "privateDnsForPrivateEndpointTemplateLink": {
            "value": "https://sqlazureextension.hosting.portal.azure.net/sqlazureextension/Content/2.1.01629160/DeploymentTemplates/PrivateDnsForPrivateEndpoint.json"
        },
        "privateDnsForPrivateEndpointNicTemplateLink": {
            "value": "https://sqlazureextension.hosting.portal.azure.net/sqlazureextension/Content/2.1.01629160/DeploymentTemplates/PrivateDnsForPrivateEndpointNic.json"
        },
        "privateDnsForPrivateEndpointIpConfigTemplateLink": {
            "value": "https://sqlazureextension.hosting.portal.azure.net/sqlazureextension/Content/2.1.01629160/DeploymentTemplates/PrivateDnsForPrivateEndpointIpConfig.json"
        },
        "clientIpRuleName": {
            "value": "ClientIp-2021-6-22_11-27-37"
        },
        "requestedBackupStorageRedundancy": {
            "value": "Geo"
        },
        "maintenanceConfigurationId": {
            "value": "/subscriptions/d33b95c7-af3c-4247-9661-aa96d47fccc0/providers/Microsoft.Maintenance/publicMaintenanceConfigurations/SQL_Default"
        }
    }
}