{
    "$schema": "https://schema.management.azure.com/schemas/2015-01-01/deploymentParameters.json#",
    "contentVersion": "1.0.0.0",
    "parameters": {
        "subscriptionId": {
            "value": "d33b95c7-af3c-4247-9661-aa96d47fccc0"
        },
        "name": {
            "value": "workshop12js"
        },
        "location": {
            "value": "UK South"
        },
        "hostingPlanName": {
            "value": "ASP-AmericanExpress2JatinShahWorksh-a1b3"
        },
        "serverFarmResourceGroup": {
            "value": "AmericanExpress2_JatinShah_Workshop"
        },
        "alwaysOn": {
            "value": false
        },
        "sku": {
            "value": "Basic"
        },
        "skuCode": {
            "value": "B1"
        },
        "workerSize": {
            "value": "0"
        },
        "workerSizeId": {
            "value": "0"
        },
        "numberOfWorkers": {
            "value": "1"
        },
        "linuxFxVersion": {
            "value": "DOCKER|mcr.microsoft.com/appsvc/staticsite:latest"
        },
        "dockerRegistryUrl": {
            "value": "https://mcr.microsoft.com"
        },
        "dockerRegistryUsername": {
            "value": ""
        },
        "dockerRegistryPassword": {
            "value": null
        },
        "dockerRegistryStartupCommand": {
            "value": ""
        }
    }
}